id,content
eeea0f07-e441-484f-83ec-939b4b7696c7,"{'id': 'eeea0f07-e441-484f-83ec-939b4b7696c7', 'contentType': 'STORY', 'title': 'What is bitcoin, and how does it work?', 'description': '', 'summary': 'From how to buy Bitcoin to how it works — find out what you should know about Bitcoin as a cryptocurrency.', 'pubDate': '2025-10-14T13:02:00Z', 'displayTime': '2025-10-14T13:02:00Z', 'isHosted': True, 'bypassModal': True, 'previewUrl': None, 'thumbnail': {'originalUrl': 'https://s.yimg.com/os/creatr-uploaded-images/2021-04/5af69a20-a8e5-11eb-bf7f-5f2e9fe992ce', 'originalWidth': 3931, 'originalHeight': 2502, 'caption': '', 'resolutions': [{'url': 'https://s.yimg.com/uu/api/res/1.2/QEESGRvKOpUU1x2rONIyOA--~B/aD0yNTAyO3c9MzkzMTthcHBpZD15dGFjaHlvbg--/https://s.yimg.com/os/creatr-uploaded-images/2021-04/5af69a20-a8e5-11eb-bf7f-5f2e9fe992ce', 'width': 3931, 'height': 2502, 'tag': 'original'}, {'url': 'https://s.yimg.com/uu/api/res/1.2/DnA3Uk_ev85T5MusWzuXHA--~B/Zmk9c3RyaW07aD0xMjg7dz0xNzA7YXBwaWQ9eXRhY2h5b24-/https://s.yimg.com/os/creatr-uploaded-images/2021-04/5af69a20-a8e5-11eb-bf7f-5f2e9fe992ce', 'width': 170, 'height': 128, 'tag': '170x128'}]}, 'provider': {'displayName': 'Yahoo Personal Finance', 'url': 'https://finance.yahoo.com/'}, 'canonicalUrl': {'url': 'https://finance.yahoo.com/personal-finance/investing/article/what-is-bitcoin-130000730.html', 'site': 'finance', 'region': 'US', 'lang': 'en-US'}, 'clickThroughUrl': {'url': 'https://finance.yahoo.com/personal-finance/investing/article/what-is-bitcoin-130000730.html', 'site': 'finance', 'region': 'US', 'lang': 'en-US'}, 'metadata': {'editorsPick': True}, 'finance': {'premiumFinance': {'isPremiumNews': False, 'isPremiumFreeNews': False}}, 'storyline': {'storylineItems': [{'content': {'id': '5c36f000-19d5-303c-bcca-324ac09f68e7', 'contentType': 'VIDEO', 'isHosted': True, 'title': 'Big tech and banking earnings and Bitcoin under severe pressure', 'thumbnail': {'originalUrl': 'https://s.yimg.com/os/creatr-uploaded-images/2025-10/1afe6960-a8f5-11f0-bffc-354fe0221cab', 'originalWidth': 5000, 'originalHeight': 2815, 'caption': '', 'resolutions': None}, 'provider': {'displayName': 'Yahoo Finance Video', 'sourceId': 'video.yahoofinance.com'}, 'previewUrl': None, 'providerContentUrl': '', 'canonicalUrl': {'url': 'https://finance.yahoo.com/video/big-tech-banking-earnings-bitcoin-122602946.html'}, 'clickThroughUrl': {'url': 'https://finance.yahoo.com/video/big-tech-banking-earnings-bitcoin-122602946.html'}}}, {'content': {'id': '96c12cf5-98e2-354e-9abf-a1e7b178ffe0', 'contentType': 'VIDEO', 'isHosted': True, 'title': 'Should crypto investors prepare for more turbulence?', 'thumbnail': {'originalUrl': 'https://s.yimg.com/os/creatr-uploaded-images/2025-10/1c0bb490-a84e-11f0-976f-5be4355ebebc', 'originalWidth': 3500, 'originalHeight': 1970, 'caption': '', 'resolutions': None}, 'provider': {'displayName': 'Yahoo Finance Video', 'sourceId': 'video.yahoofinance.com'}, 'previewUrl': None, 'providerContentUrl': '', 'canonicalUrl': {'url': 'https://finance.yahoo.com/video/crypto-investors-prepare-more-turbulence-110047196.html'}, 'clickThroughUrl': {'url': 'https://finance.yahoo.com/video/crypto-investors-prepare-more-turbulence-110047196.html'}}}]}}"
0ecb6c50-d1e9-433c-9e1a-f4aeeeb4733f,"{'id': '0ecb6c50-d1e9-433c-9e1a-f4aeeeb4733f', 'contentType': 'STORY', 'title': 'Tariff tensions separate gold from crypto', 'description': '', 'summary': 'While bitcoin stumbled and lesser altcoins convulsed, gold performed like a refuge.', 'pubDate': '2025-10-14T09:53:39Z', 'displayTime': '2025-10-14T09:53:39Z', 'isHosted': True, 'bypassModal': False, 'previewUrl': None, 'thumbnail': {'originalUrl': 'https://s.yimg.com/os/creatr-uploaded-images/2025-09/ef7176d0-8f58-11f0-bfaf-73553918e36b', 'originalWidth': 9504, 'originalHeight': 6336, 'caption': '', 'resolutions': [{'url': 'https://s.yimg.com/uu/api/res/1.2/JHBH9sbhgvQbCt8vjWqB6w--~B/aD02MzM2O3c9OTUwNDthcHBpZD15dGFjaHlvbg--/https://s.yimg.com/os/creatr-uploaded-images/2025-09/ef7176d0-8f58-11f0-bfaf-73553918e36b', 'width': 9504, 'height': 6336, 'tag': 'original'}, {'url': 'https://s.yimg.com/uu/api/res/1.2/xO3B2tT8HU2pKC4fkfxjjA--~B/Zmk9c3RyaW07aD0xMjg7dz0xNzA7YXBwaWQ9eXRhY2h5b24-/https://s.yimg.com/os/creatr-uploaded-images/2025-09/ef7176d0-8f58-11f0-bfaf-73553918e36b', 'width': 170, 'height': 128, 'tag': '170x128'}]}, 'provider': {'displayName': 'Yahoo Finance', 'url': 'http://finance.yahoo.com/'}, 'canonicalUrl': {'url': 'https://finance.yahoo.com/news/tariff-tensions-separate-gold-from-crypto-095339714.html', 'site': 'finance', 'region': 'US', 'lang': 'en-US'}, 'clickThroughUrl': {'url': 'https://finance.yahoo.com/news/tariff-tensions-separate-gold-from-crypto-095339714.html', 'site': 'finance', 'region': 'US', 'lang': 'en-US'}, 'metadata': {'editorsPick': True}, 'finance': {'premiumFinance': {'isPremiumNews': False, 'isPremiumFreeNews': False}}, 'storyline': None}"
398652ee-9466-39cf-aabe-773808b4c516,"{'id': '398652ee-9466-39cf-aabe-773808b4c516', 'contentType': 'STORY', 'title': 'Tether Pays $300 Million to Settle Celsius Lawsuit Over $4.5 Billion in Bitcoin', 'description': '', 'summary': 'Stablecoin giant Tether has paid out almost $300 million to settle claims regarding allegedly improper Bitcoin liquidations tied to the collapse of crypto lender Celsius.', 'pubDate': '2025-10-14T18:34:43Z', 'displayTime': '2025-10-14T18:34:43Z', 'isHosted': True, 'bypassModal': False, 'previewUrl': None, 'thumbnail': {'originalUrl': 'https://media.zenfs.com/en/decrypt_157/75323a2e3514e0b87cb8bf9ac5c328ed', 'originalWidth': 1778, 'originalHeight': 1000, 'caption': '', 'resolutions': [{'url': 'https://s.yimg.com/uu/api/res/1.2/6dMUDFxSHKU0cHIrvR6D6w--~B/aD0xMDAwO3c9MTc3ODthcHBpZD15dGFjaHlvbg--/https://media.zenfs.com/en/decrypt_157/75323a2e3514e0b87cb8bf9ac5c328ed', 'width': 1778, 'height': 1000, 'tag': 'original'}, {'url': 'https://s.yimg.com/uu/api/res/1.2/N80AmQmFIcSwarf9dm50hg--~B/Zmk9c3RyaW07aD0xMjg7dz0xNzA7YXBwaWQ9eXRhY2h5b24-/https://media.zenfs.com/en/decrypt_157/75323a2e3514e0b87cb8bf9ac5c328ed', 'width': 170, 'height': 128, 'tag': '170x128'}]}, 'provider': {'displayName': 'decrypt', 'url': 'https://decrypt.co/'}, 'canonicalUrl': {'url': 'https://decrypt.co/344256/tether-pays-300-million-celsius-lawsuit-bitcoin', 'site': 'finance', 'region': 'US', 'lang': 'en-US'}, 'clickThroughUrl': {'url': 'https://finance.yahoo.com/news/tether-pays-300-million-settle-183443992.html', 'site': 'finance', 'region': 'US', 'lang': 'en-US'}, 'metadata': {'editorsPick': False}, 'finance': {'premiumFinance': {'isPremiumNews': False, 'isPremiumFreeNews': False}}, 'storyline': None}"
32a73d39-921b-3b34-a72f-5e6a3f421eb1,"{'id': '32a73d39-921b-3b34-a72f-5e6a3f421eb1', 'contentType': 'STORY', 'title': ""Shark Tank's Kevin O'Leary is betting big on Bitcoin mining"", 'description': '', 'summary': 'Kevin O\'Leary, the Canadian businessman and media personality well-known for his appearance on the TV show ""Shark Tank,"" can\'t talk enough of Bitzero Blockchain Inc., the crypto mining company backed by him. As reported earlier, the Vancouver-headquartered crypto mining firm secured $25 ...', 'pubDate': '2025-10-14T18:27:57Z', 'displayTime': '2025-10-14T18:27:57Z', 'isHosted': True, 'bypassModal': False, 'previewUrl': None, 'thumbnail': {'originalUrl': 'https://media.zenfs.com/en/thestreet_881/c70dd3104af260d66045bb882dc829a7', 'originalWidth': 1200, 'originalHeight': 800, 'caption': '', 'resolutions': [{'url': 'https://s.yimg.com/uu/api/res/1.2/gMFrJnKOoWt9Mf4b5tuVcA--~B/aD04MDA7dz0xMjAwO2FwcGlkPXl0YWNoeW9u/https://media.zenfs.com/en/thestreet_881/c70dd3104af260d66045bb882dc829a7', 'width': 1200, 'height': 800, 'tag': 'original'}, {'url': 'https://s.yimg.com/uu/api/res/1.2/bWNEak3bPSLhtWZbFqQCrA--~B/Zmk9c3RyaW07aD0xMjg7dz0xNzA7YXBwaWQ9eXRhY2h5b24-/https://media.zenfs.com/en/thestreet_881/c70dd3104af260d66045bb882dc829a7', 'width': 170, 'height': 128, 'tag': '170x128'}]}, 'provider': {'displayName': 'TheStreet', 'url': 'https://www.thestreet.com/'}, 'canonicalUrl': {'url': 'https://www.thestreet.com/crypto/shark-tanks-kevin-oleary-betting-bitcoin-mining', 'site': 'finance', 'region': 'US', 'lang': 'en-US'}, 'clickThroughUrl': {'url': 'https://finance.yahoo.com/news/shark-tanks-kevin-oleary-betting-182757622.html', 'site': 'finance', 'region': 'US', 'lang': 'en-US'}, 'metadata': {'editorsPick': False}, 'finance': {'premiumFinance': {'isPremiumNews': False, 'isPremiumFreeNews': False}}, 'storyline': None}"
2197b9b2-81a5-3dae-9a46-75390b26d843,"{'id': '2197b9b2-81a5-3dae-9a46-75390b26d843', 'contentType': 'STORY', 'title': ""'Bitcoin Jesus' strikes deal with Trump administration to resolve US tax charges"", 'description': '', 'summary': '(Reuters) -An early cryptocurrency investor dubbed the ""Bitcoin Jesus"" has agreed to pay up to $49.9 million to resolve charges he evaded tens of millions of dollars in taxes, the U.S. Department of Justice said in a court filing on Tuesday.  Roger Ver entered into a deferred prosecution agreement resolving mail fraud and tax evasion charges in federal court in Los Angeles after publicly campaigning earlier this year for President Donald Trump to ""help to end this lawfare.""  Ultimately, Trump did not pardon him.', 'pubDate': '2025-10-14T18:11:12Z', 'displayTime': '2025-10-14T18:11:12Z', 'isHosted': True, 'bypassModal': False, 'previewUrl': None, 'thumbnail': {'originalUrl': 'https://media.zenfs.com/en/reuters.com/b1f54e7651ecc4422e932dac15eb6d22', 'originalWidth': 800, 'originalHeight': 562, 'caption': 'Representations of the virtual currency Bitcoin stand on a motherboard in this picture illustration taken May 20, 2021. REUTERS/Dado Ruvic/Illustration', 'resolutions': [{'url': 'https://s.yimg.com/uu/api/res/1.2/3J_POEfIug7GVN_O.BKGQg--~B/aD01NjI7dz04MDA7YXBwaWQ9eXRhY2h5b24-/https://media.zenfs.com/en/reuters.com/b1f54e7651ecc4422e932dac15eb6d22', 'width': 800, 'height': 562, 'tag': 'original'}, {'url': 'https://s.yimg.com/uu/api/res/1.2/kipNgpEByQpQxRRZ7DRUOw--~B/Zmk9c3RyaW07aD0xMjg7dz0xNzA7YXBwaWQ9eXRhY2h5b24-/https://media.zenfs.com/en/reuters.com/b1f54e7651ecc4422e932dac15eb6d22', 'width': 170, 'height': 128, 'tag': '170x128'}]}, 'provider': {'displayName': 'Reuters', 'url': 'https://www.reuters.com/'}, 'canonicalUrl': {'url': 'https://finance.yahoo.com/news/bitcoin-jesus-strikes-deal-trump-181112980.html', 'site': 'finance', 'region': 'US', 'lang': 'en-US'}, 'clickThroughUrl': {'url': 'https://finance.yahoo.com/news/bitcoin-jesus-strikes-deal-trump-181112980.html', 'site': 'finance', 'region': 'US', 'lang': 'en-US'}, 'metadata': {'editorsPick': False}, 'finance': {'premiumFinance': {'isPremiumNews': False, 'isPremiumFreeNews': False}}, 'storyline': None}"
410ac7f7-40ce-3a11-aa0d-ca44c68b722a,"{'id': '410ac7f7-40ce-3a11-aa0d-ca44c68b722a', 'contentType': 'STORY', 'title': ""Republican Bill Aims to Make Trump's Bitcoin and Crypto 401K Order Federal Law"", 'description': '', 'summary': 'Rep. Troy Downing (R-MT) said the bill would “supercharge” the financial security of Americans by exposing their retirement savings to alternative assets.', 'pubDate': '2025-10-14T18:08:39Z', 'displayTime': '2025-10-14T18:08:39Z', 'isHosted': True, 'bypassModal': False, 'previewUrl': None, 'thumbnail': {'originalUrl': 'https://media.zenfs.com/en/decrypt_157/928d9acaaa5e0879e830f9315aeac8df', 'originalWidth': 1280, 'originalHeight': 720, 'caption': '', 'resolutions': [{'url': 'https://s.yimg.com/uu/api/res/1.2/D73Mk70EbSKUJ6SKUK7M7Q--~B/aD03MjA7dz0xMjgwO2FwcGlkPXl0YWNoeW9u/https://media.zenfs.com/en/decrypt_157/928d9acaaa5e0879e830f9315aeac8df', 'width': 1280, 'height': 720, 'tag': 'original'}, {'url': 'https://s.yimg.com/uu/api/res/1.2/NUXHnQlkSpmBa_xam6mZ7A--~B/Zmk9c3RyaW07aD0xMjg7dz0xNzA7YXBwaWQ9eXRhY2h5b24-/https://media.zenfs.com/en/decrypt_157/928d9acaaa5e0879e830f9315aeac8df', 'width': 170, 'height': 128, 'tag': '170x128'}]}, 'provider': {'displayName': 'decrypt', 'url': 'https://decrypt.co/'}, 'canonicalUrl': {'url': 'https://decrypt.co/344250/republican-bill-aims-make-trump-bitcoin-crypto-401k-order-federal-law', 'site': 'finance', 'region': 'US', 'lang': 'en-US'}, 'clickThroughUrl': {'url': 'https://finance.yahoo.com/news/republican-bill-aims-trumps-bitcoin-180839873.html', 'site': 'finance', 'region': 'US', 'lang': 'en-US'}, 'metadata': {'editorsPick': False}, 'finance': {'premiumFinance': {'isPremiumNews': False, 'isPremiumFreeNews': False}}, 'storyline': None}"
07af01ec-bc7e-3c3d-a4e3-fb19d8c4463f,"{'id': '07af01ec-bc7e-3c3d-a4e3-fb19d8c4463f', 'contentType': 'STORY', 'title': ""Peter Schiff Says Bitcoin's Recovery Is A 'Dead Cat Bounce' While Gold Makes Another All-Time High"", 'description': '', 'summary': 'Economist and long-time Bitcoin (CRYPTO: BTC) skeptic Peter Schiff has described the crypto king\'s rebound from Friday\'s sell-off as a ""dead cat bounce."" What Happened: In a series of posts on X, Schiff criticized Bitcoin\'s volatility and emphasized ...', 'pubDate': '2025-10-14T18:01:04Z', 'displayTime': '2025-10-14T18:01:04Z', 'isHosted': True, 'bypassModal': False, 'previewUrl': None, 'thumbnail': {'originalUrl': 'https://media.zenfs.com/en/benzinga_79/3df5852ee0980a45aa7b7f38efe23435', 'originalWidth': 720, 'originalHeight': 480, 'caption': '', 'resolutions': [{'url': 'https://s.yimg.com/uu/api/res/1.2/SiEOQtlrm4bMTGf5h_2h_g--~B/aD00ODA7dz03MjA7YXBwaWQ9eXRhY2h5b24-/https://media.zenfs.com/en/benzinga_79/3df5852ee0980a45aa7b7f38efe23435', 'width': 720, 'height': 480, 'tag': 'original'}, {'url': 'https://s.yimg.com/uu/api/res/1.2/Hx.MbbGRUlyR5uVtIfuuZw--~B/Zmk9c3RyaW07aD0xMjg7dz0xNzA7YXBwaWQ9eXRhY2h5b24-/https://media.zenfs.com/en/benzinga_79/3df5852ee0980a45aa7b7f38efe23435', 'width': 170, 'height': 128, 'tag': '170x128'}]}, 'provider': {'displayName': 'Benzinga', 'url': 'https://www.benzinga.com/'}, 'canonicalUrl': {'url': 'https://finance.yahoo.com/news/peter-schiff-says-bitcoins-recovery-180104031.html', 'site': 'finance', 'region': 'US', 'lang': 'en-US'}, 'clickThroughUrl': {'url': 'https://finance.yahoo.com/news/peter-schiff-says-bitcoins-recovery-180104031.html', 'site': 'finance', 'region': 'US', 'lang': 'en-US'}, 'metadata': {'editorsPick': False}, 'finance': {'premiumFinance': {'isPremiumNews': False, 'isPremiumFreeNews': False}}, 'storyline': None}"
7e877824-15f6-37ce-9d28-7ed5acd7bace,"{'id': '7e877824-15f6-37ce-9d28-7ed5acd7bace', 'contentType': 'STORY', 'title': 'TeraWulf to Raise $3.2 Billion for Google-Backed Data Center. The Stock Is Rising.', 'description': '', 'summary': 'TeraWulf  the data-center operator best known for its Bitcoin mining facilities, plans to offer $3.2 billion in senior secured notes due in 2030 in a private offering, the company announced Tuesday.  It will use the proceeds to finance a portion of its Lake Mariner data-center campus in upstate New York.  TeraWulf  didn’t immediately respond to requests for further comment.', 'pubDate': '2025-10-14T17:36:00Z', 'displayTime': '2025-10-14T17:36:00Z', 'isHosted': False, 'bypassModal': False, 'previewUrl': 'https://finance.yahoo.com/m/7e877824-15f6-37ce-9d28-7ed5acd7bace/terawulf-to-raise-3-2.html', 'thumbnail': {'originalUrl': 'https://media.zenfs.com/en/Barrons.com/c776c84b9dc0285dc444fc14697d96cb', 'originalWidth': 1280, 'originalHeight': 640, 'caption': '', 'resolutions': [{'url': 'https://s.yimg.com/uu/api/res/1.2/fwyA._YZRGd_Kkj0_Mngxg--~B/aD02NDA7dz0xMjgwO2FwcGlkPXl0YWNoeW9u/https://media.zenfs.com/en/Barrons.com/c776c84b9dc0285dc444fc14697d96cb', 'width': 1280, 'height': 640, 'tag': 'original'}, {'url': 'https://s.yimg.com/uu/api/res/1.2/CDc.X6KPrFhxIXTvpMAz9A--~B/Zmk9c3RyaW07aD0xMjg7dz0xNzA7YXBwaWQ9eXRhY2h5b24-/https://media.zenfs.com/en/Barrons.com/c776c84b9dc0285dc444fc14697d96cb', 'width': 170, 'height': 128, 'tag': '170x128'}]}, 'provider': {'displayName': 'Barrons.com', 'url': 'http://www.barrons.com/'}, 'canonicalUrl': {'url': 'https://www.barrons.com/articles/terawulf-raise-3-2-billion-google-data-center-ai-a7621742?siteid=yhoof2&yptr=yahoo', 'site': 'finance', 'region': 'US', 'lang': 'en-US'}, 'clickThroughUrl': None, 'metadata': {'editorsPick': False}, 'finance': {'premiumFinance': {'isPremiumNews': False, 'isPremiumFreeNews': False}}, 'storyline': None}"
2d37a5cb-3eb3-3b96-b5f1-5717fb0a1b7c,"{'id': '2d37a5cb-3eb3-3b96-b5f1-5717fb0a1b7c', 'contentType': 'STORY', 'title': 'Sector Update: Financial Stocks Rise Tuesday Afternoon', 'description': '', 'summary': 'Financial stocks were higher in Tuesday afternoon trading, with the NYSE Financial Index rising 1.3%', 'pubDate': '2025-10-14T17:34:05Z', 'displayTime': '2025-10-14T17:34:05Z', 'isHosted': True, 'bypassModal': False, 'previewUrl': None, 'thumbnail': None, 'provider': {'displayName': 'MT Newswires', 'url': 'https://www.mtnewswires.com/'}, 'canonicalUrl': {'url': 'https://finance.yahoo.com/news/sector-financial-stocks-rise-tuesday-173405759.html', 'site': 'finance', 'region': 'US', 'lang': 'en-US'}, 'clickThroughUrl': {'url': 'https://finance.yahoo.com/news/sector-financial-stocks-rise-tuesday-173405759.html', 'site': 'finance', 'region': 'US', 'lang': 'en-US'}, 'metadata': {'editorsPick': False}, 'finance': {'premiumFinance': {'isPremiumNews': True, 'isPremiumFreeNews': False}}, 'storyline': None}"
84f4b28c-b243-3b75-9315-ec7bc18a4dfc,"{'id': '84f4b28c-b243-3b75-9315-ec7bc18a4dfc', 'contentType': 'STORY', 'title': ""Crypto investor 'Bitcoin Jesus' strikes deal to resolve US tax charges"", 'description': '', 'summary': '(Reuters) -An early crypto investor dubbed the ""Bitcoin Jesus"" has agreed to pay up to $49.9 million to resolve charges he evaded tens of millions of dollars in taxes, the U.S. Department of Justice said in a court filing on Tuesday.  Roger Ver entered into a deferred prosecution agreement resolving mail fraud and tax evasion charges in federal court in Los Angeles after publicly campaigning earlier this year for President Donald Trump to pardon him and ""help to end this lawfare.""  The agreement calls for the indictment against Ver, 46, to be dismissed after one month if he abides by the deal\'s terms, under which the Internal Revenue Service may collect up to $49.9 million, covering his tax liability, civil penalty and interest.', 'pubDate': '2025-10-14T17:24:22Z', 'displayTime': '2025-10-14T17:24:22Z', 'isHosted': True, 'bypassModal': False, 'previewUrl': None, 'thumbnail': {'originalUrl': 'https://media.zenfs.com/en/reuters.com/fe56d982d60f0c58fff41f05921a877c', 'originalWidth': 800, 'originalHeight': 562, 'caption': 'Representations of the virtual currency Bitcoin stand on a motherboard in this picture illustration taken May 20, 2021. REUTERS/Dado Ruvic/Illustration', 'resolutions': [{'url': 'https://s.yimg.com/uu/api/res/1.2/7hALf21xqLhVvGU.xzCh8Q--~B/aD01NjI7dz04MDA7YXBwaWQ9eXRhY2h5b24-/https://media.zenfs.com/en/reuters.com/fe56d982d60f0c58fff41f05921a877c', 'width': 800, 'height': 562, 'tag': 'original'}, {'url': 'https://s.yimg.com/uu/api/res/1.2/rI7E_cWos5lhoU2yjarU1Q--~B/Zmk9c3RyaW07aD0xMjg7dz0xNzA7YXBwaWQ9eXRhY2h5b24-/https://media.zenfs.com/en/reuters.com/fe56d982d60f0c58fff41f05921a877c', 'width': 170, 'height': 128, 'tag': '170x128'}]}, 'provider': {'displayName': 'Reuters', 'url': 'https://www.reuters.com/'}, 'canonicalUrl': {'url': 'https://finance.yahoo.com/news/crypto-investor-bitcoin-jesus-strikes-172422968.html', 'site': 'finance', 'region': 'US', 'lang': 'en-US'}, 'clickThroughUrl': {'url': 'https://finance.yahoo.com/news/crypto-investor-bitcoin-jesus-strikes-172422968.html', 'site': 'finance', 'region': 'US', 'lang': 'en-US'}, 'metadata': {'editorsPick': False}, 'finance': {'premiumFinance': {'isPremiumNews': False, 'isPremiumFreeNews': False}}, 'storyline': None}"
